timestamp,T_air_C,GHI_Wm2
2024-08-10 00:00:00+02:00,24.4,0.02
2024-08-10 00:15:00+02:00,24.2,0.02
2024-08-10 00:30:00+02:00,24.0,0.02
2024-08-10 00:45:00+02:00,23.9,0.02
2024-08-10 01:00:00+02:00,23.8,0.02
2024-08-10 01:15:00+02:00,23.7,0.02
2024-08-10 01:30:00+02:00,23.7,0.02
2024-08-10 01:45:00+02:00,23.6,0.02
2024-08-10 02:00:00+02:00,23.5,0.02
2024-08-10 02:15:00+02:00,23.4,0.02
2024-08-10 02:30:00+02:00,23.2,0.02
2024-08-10 02:45:00+02:00,23.1,0.02
2024-08-10 03:00:00+02:00,23.0,0.02
2024-08-10 03:15:00+02:00,22.9,0.02
2024-08-10 03:30:00+02:00,22.8,0.02
2024-08-10 03:45:00+02:00,22.8,0.02
2024-08-10 04:00:00+02:00,22.7,0.02
2024-08-10 04:15:00+02:00,22.6,0.02
2024-08-10 04:30:00+02:00,22.5,0.02
2024-08-10 04:45:00+02:00,22.2,0.02
2024-08-10 05:00:00+02:00,22.0,0.02
2024-08-10 05:15:00+02:00,21.8,2.46
2024-08-10 05:30:00+02:00,21.6,4.89
2024-08-10 05:45:00+02:00,21.5,7.33
2024-08-10 06:00:00+02:00,21.4,9.77
2024-08-10 06:15:00+02:00,21.2,40.11
2024-08-10 06:30:00+02:00,21.3,70.45
2024-08-10 06:45:00+02:00,21.2,100.78
2024-08-10 07:00:00+02:00,21.0,131.12
2024-08-10 07:15:00+02:00,20.8,179.34
2024-08-10 07:30:00+02:00,20.6,227.55
2024-08-10 07:45:00+02:00,20.4,275.76
2024-08-10 08:00:00+02:00,20.3,323.98
2024-08-10 08:15:00+02:00,20.2,366.68
2024-08-10 08:30:00+02:00,20.1,409.37
2024-08-10 08:45:00+02:00,20.1,452.06
2024-08-10 09:00:00+02:00,20.4,494.76
2024-08-10 09:15:00+02:00,20.6,532.93
2024-08-10 09:30:00+02:00,21.0,571.1
2024-08-10 09:45:00+02:00,21.4,609.28
2024-08-10 10:00:00+02:00,22.0,647.45
2024-08-10 10:15:00+02:00,22.5,675.36
2024-08-10 10:30:00+02:00,22.9,703.28
2024-08-10 10:45:00+02:00,23.4,731.19
2024-08-10 11:00:00+02:00,23.8,759.1
2024-08-10 11:15:00+02:00,24.0,774.97
2024-08-10 11:30:00+02:00,24.1,790.84
2024-08-10 11:45:00+02:00,24.1,806.7
2024-08-10 12:00:00+02:00,24.2,822.57
2024-08-10 12:15:00+02:00,24.4,820.86
2024-08-10 12:30:00+02:00,24.4,819.14
2024-08-10 12:45:00+02:00,24.6,817.43
2024-08-10 13:00:00+02:00,24.8,815.72
2024-08-10 13:15:00+02:00,25.1,815.06
2024-08-10 13:30:00+02:00,25.4,814.41
2024-08-10 13:45:00+02:00,25.8,813.76
2024-08-10 14:00:00+02:00,26.1,813.1
2024-08-10 14:15:00+02:00,26.4,793.6
2024-08-10 14:30:00+02:00,26.6,774.1
2024-08-10 14:45:00+02:00,26.8,754.6
2024-08-10 15:00:00+02:00,27.0,735.1
2024-08-10 15:15:00+02:00,27.1,705.86
2024-08-10 15:30:00+02:00,27.2,676.62
2024-08-10 15:45:00+02:00,27.3,647.39
2024-08-10 16:00:00+02:00,27.4,618.15
2024-08-10 16:15:00+02:00,27.4,580.5
2024-08-10 16:30:00+02:00,27.5,542.86
2024-08-10 16:45:00+02:00,27.7,505.21
2024-08-10 17:00:00+02:00,27.9,467.56
2024-08-10 17:15:00+02:00,28.0,424.64
2024-08-10 17:30:00+02:00,28.1,381.72
2024-08-10 17:45:00+02:00,28.2,338.81
2024-08-10 18:00:00+02:00,28.3,295.89
2024-08-10 18:15:00+02:00,28.3,254.2
2024-08-10 18:30:00+02:00,28.3,212.51
2024-08-10 18:45:00+02:00,28.4,170.82
2024-08-10 19:00:00+02:00,28.3,129.13
2024-08-10 19:15:00+02:00,28.2,101.07
2024-08-10 19:30:00+02:00,28.3,73.01
2024-08-10 19:45:00+02:00,28.3,44.95
2024-08-10 20:00:00+02:00,28.3,16.89
2024-08-10 20:15:00+02:00,28.3,12.67
2024-08-10 20:30:00+02:00,28.2,8.46
2024-08-10 20:45:00+02:00,28.1,4.24
2024-08-10 21:00:00+02:00,27.9,0.02
2024-08-10 21:15:00+02:00,27.7,0.02
2024-08-10 21:30:00+02:00,27.3,0.02
2024-08-10 21:45:00+02:00,27.0,0.02
2024-08-10 22:00:00+02:00,26.8,0.02
2024-08-10 22:15:00+02:00,26.5,0.02
2024-08-10 22:30:00+02:00,26.3,0.02
2024-08-10 22:45:00+02:00,25.9,0.02
2024-08-10 23:00:00+02:00,25.6,0.02
2024-08-10 23:15:00+02:00,25.4,0.02
2024-08-10 23:30:00+02:00,25.2,0.02
2024-08-10 23:45:00+02:00,24.9,0.03
2024-08-11 00:00:00+02:00,24.7,0.03
2024-08-11 00:15:00+02:00,24.5,0.03
2024-08-11 00:30:00+02:00,24.2,0.02
2024-08-11 00:45:00+02:00,24.0,0.02
2024-08-11 01:00:00+02:00,23.9,0.02
2024-08-11 01:15:00+02:00,23.8,0.02
2024-08-11 01:30:00+02:00,23.6,0.02
2024-08-11 01:45:00+02:00,23.5,0.03
2024-08-11 02:00:00+02:00,23.3,0.03
2024-08-11 02:15:00+02:00,23.2,0.03
2024-08-11 02:30:00+02:00,23.0,0.02
2024-08-11 02:45:00+02:00,22.9,0.02
2024-08-11 03:00:00+02:00,22.8,0.02
2024-08-11 03:15:00+02:00,22.6,0.02
2024-08-11 03:30:00+02:00,22.4,0.02
2024-08-11 03:45:00+02:00,22.2,0.03
2024-08-11 04:00:00+02:00,22.0,0.03
2024-08-11 04:15:00+02:00,21.9,0.03
2024-08-11 04:30:00+02:00,21.8,0.03
2024-08-11 04:45:00+02:00,21.7,0.03
2024-08-11 05:00:00+02:00,21.6,0.03
2024-08-11 05:15:00+02:00,21.5,2.29
2024-08-11 05:30:00+02:00,21.3,4.55
2024-08-11 05:45:00+02:00,21.2,6.8
2024-08-11 06:00:00+02:00,21.1,9.06
2024-08-11 06:15:00+02:00,21.0,39.29
2024-08-11 06:30:00+02:00,21.0,69.51
2024-08-11 06:45:00+02:00,21.0,99.74
2024-08-11 07:00:00+02:00,20.8,129.96
2024-08-11 07:15:00+02:00,20.6,179.15
2024-08-11 07:30:00+02:00,20.5,228.35
2024-08-11 07:45:00+02:00,20.3,277.54
2024-08-11 08:00:00+02:00,20.2,326.73
2024-08-11 08:15:00+02:00,20.1,368.67
2024-08-11 08:30:00+02:00,20.1,410.62
2024-08-11 08:45:00+02:00,20.2,452.56
2024-08-11 09:00:00+02:00,20.4,494.5
2024-08-11 09:15:00+02:00,20.7,531.34
2024-08-11 09:30:00+02:00,21.1,568.17
2024-08-11 09:45:00+02:00,21.6,605.01
2024-08-11 10:00:00+02:00,22.1,641.85
2024-08-11 10:15:00+02:00,22.6,669.65
2024-08-11 10:30:00+02:00,23.1,697.45
2024-08-11 10:45:00+02:00,23.6,725.25
2024-08-11 11:00:00+02:00,24.0,753.05
2024-08-11 11:15:00+02:00,24.3,769.84
2024-08-11 11:30:00+02:00,24.5,786.64
2024-08-11 11:45:00+02:00,24.6,803.43
2024-08-11 12:00:00+02:00,24.8,820.22
2024-08-11 12:15:00+02:00,25.0,823.98
2024-08-11 12:30:00+02:00,25.1,827.74
2024-08-11 12:45:00+02:00,25.4,831.51
2024-08-11 13:00:00+02:00,25.7,835.27
2024-08-11 13:15:00+02:00,26.0,827.54
2024-08-11 13:30:00+02:00,26.4,819.8
2024-08-11 13:45:00+02:00,26.8,812.07
2024-08-11 14:00:00+02:00,27.1,804.34
2024-08-11 14:15:00+02:00,27.4,784.89
2024-08-11 14:30:00+02:00,27.7,765.44
2024-08-11 14:45:00+02:00,28.0,746.0
2024-08-11 15:00:00+02:00,28.2,726.55
2024-08-11 15:15:00+02:00,28.4,693.98
2024-08-11 15:30:00+02:00,28.6,661.4
2024-08-11 15:45:00+02:00,28.7,628.83
2024-08-11 16:00:00+02:00,28.8,596.26
2024-08-11 16:15:00+02:00,28.9,557.14
2024-08-11 16:30:00+02:00,29.1,518.01
2024-08-11 16:45:00+02:00,29.3,478.88
2024-08-11 17:00:00+02:00,29.5,439.76
2024-08-11 17:15:00+02:00,29.6,399.92
2024-08-11 17:30:00+02:00,29.7,360.08
2024-08-11 17:45:00+02:00,29.9,320.23
2024-08-11 18:00:00+02:00,29.9,280.39
2024-08-11 18:15:00+02:00,30.0,230.92
2024-08-11 18:30:00+02:00,30.0,181.44
2024-08-11 18:45:00+02:00,30.1,131.96
2024-08-11 19:00:00+02:00,30.2,82.49
2024-08-11 19:15:00+02:00,30.3,66.58
2024-08-11 19:30:00+02:00,30.4,50.67
2024-08-11 19:45:00+02:00,30.4,34.76
2024-08-11 20:00:00+02:00,30.4,18.85
2024-08-11 20:15:00+02:00,30.4,14.15
2024-08-11 20:30:00+02:00,30.4,9.44
2024-08-11 20:45:00+02:00,30.3,4.74
2024-08-11 21:00:00+02:00,30.1,0.03
2024-08-11 21:15:00+02:00,30.0,0.03
2024-08-11 21:30:00+02:00,29.8,0.03
2024-08-11 21:45:00+02:00,29.5,0.03
2024-08-11 22:00:00+02:00,29.0,0.03
2024-08-11 22:15:00+02:00,28.5,0.03
2024-08-11 22:30:00+02:00,28.2,0.02
2024-08-11 22:45:00+02:00,27.8,0.02
2024-08-11 23:00:00+02:00,27.6,0.02
2024-08-11 23:15:00+02:00,27.5,0.02
2024-08-11 23:30:00+02:00,27.4,0.02
2024-08-11 23:45:00+02:00,27.4,0.03
2024-08-12 00:00:00+02:00,27.5,0.03
2024-08-12 00:15:00+02:00,27.6,0.03
2024-08-12 00:30:00+02:00,27.3,0.02
2024-08-12 00:45:00+02:00,26.9,0.02
2024-08-12 01:00:00+02:00,26.7,0.02
2024-08-12 01:15:00+02:00,26.4,0.02
2024-08-12 01:30:00+02:00,26.1,0.02
2024-08-12 01:45:00+02:00,25.9,0.02
2024-08-12 02:00:00+02:00,25.7,0.02
2024-08-12 02:15:00+02:00,25.5,0.02
2024-08-12 02:30:00+02:00,25.3,0.02
2024-08-12 02:45:00+02:00,25.1,0.02
2024-08-12 03:00:00+02:00,25.0,0.02
2024-08-12 03:15:00+02:00,24.8,0.02
2024-08-12 03:30:00+02:00,24.8,0.02
2024-08-12 03:45:00+02:00,24.7,0.03
2024-08-12 04:00:00+02:00,24.6,0.03
2024-08-12 04:15:00+02:00,24.5,0.03
2024-08-12 04:30:00+02:00,24.4,0.02
2024-08-12 04:45:00+02:00,24.3,0.02
2024-08-12 05:00:00+02:00,24.2,0.02
2024-08-12 05:15:00+02:00,24.0,3.45
2024-08-12 05:30:00+02:00,23.8,6.88
2024-08-12 05:45:00+02:00,23.8,10.3
2024-08-12 06:00:00+02:00,23.8,13.73
2024-08-12 06:15:00+02:00,23.7,44.27
2024-08-12 06:30:00+02:00,23.7,74.82
2024-08-12 06:45:00+02:00,23.8,105.36
2024-08-12 07:00:00+02:00,23.8,135.9
2024-08-12 07:15:00+02:00,23.8,185.8
2024-08-12 07:30:00+02:00,23.6,235.7
2024-08-12 07:45:00+02:00,23.5,285.61
2024-08-12 08:00:00+02:00,23.4,335.51
2024-08-12 08:15:00+02:00,23.4,368.76
2024-08-12 08:30:00+02:00,23.3,402.02
2024-08-12 08:45:00+02:00,23.4,435.27
2024-08-12 09:00:00+02:00,23.5,468.52
2024-08-12 09:15:00+02:00,23.7,507.26
2024-08-12 09:30:00+02:00,23.8,545.99
2024-08-12 09:45:00+02:00,24.1,584.72
2024-08-12 10:00:00+02:00,24.6,623.46
2024-08-12 10:15:00+02:00,25.0,653.27
2024-08-12 10:30:00+02:00,25.4,683.08
2024-08-12 10:45:00+02:00,25.8,712.88
2024-08-12 11:00:00+02:00,26.2,742.69
2024-08-12 11:15:00+02:00,26.5,755.97
2024-08-12 11:30:00+02:00,26.7,769.24
2024-08-12 11:45:00+02:00,26.8,782.52
2024-08-12 12:00:00+02:00,26.9,795.8
2024-08-12 12:15:00+02:00,27.1,800.72
2024-08-12 12:30:00+02:00,27.2,805.65
2024-08-12 12:45:00+02:00,27.4,810.58
2024-08-12 13:00:00+02:00,27.8,815.5
2024-08-12 13:15:00+02:00,28.1,808.76
2024-08-12 13:30:00+02:00,28.5,802.02
2024-08-12 13:45:00+02:00,28.9,795.27
2024-08-12 14:00:00+02:00,29.2,788.53
2024-08-12 14:15:00+02:00,29.4,756.77
2024-08-12 14:30:00+02:00,29.7,725.0
2024-08-12 14:45:00+02:00,29.9,693.24
2024-08-12 15:00:00+02:00,30.1,661.48
2024-08-12 15:15:00+02:00,30.3,644.8
2024-08-12 15:30:00+02:00,30.3,628.12
2024-08-12 15:45:00+02:00,30.4,611.43
2024-08-12 16:00:00+02:00,30.4,594.75
2024-08-12 16:15:00+02:00,30.3,554.61
2024-08-12 16:30:00+02:00,30.4,514.47
2024-08-12 16:45:00+02:00,30.5,474.33
2024-08-12 17:00:00+02:00,30.6,434.19
2024-08-12 17:15:00+02:00,30.7,381.93
2024-08-12 17:30:00+02:00,30.8,329.68
2024-08-12 17:45:00+02:00,30.8,277.42
2024-08-12 18:00:00+02:00,31.0,225.16
2024-08-12 18:15:00+02:00,31.0,176.9
2024-08-12 18:30:00+02:00,31.2,128.64
2024-08-12 18:45:00+02:00,31.2,80.39
2024-08-12 19:00:00+02:00,31.3,32.13
2024-08-12 19:15:00+02:00,31.3,24.96
2024-08-12 19:30:00+02:00,31.3,17.79
2024-08-12 19:45:00+02:00,31.1,10.62
2024-08-12 20:00:00+02:00,30.8,3.45
2024-08-12 20:15:00+02:00,30.2,2.72
2024-08-12 20:30:00+02:00,29.5,2.0
2024-08-12 20:45:00+02:00,29.0,1.27
2024-08-12 21:00:00+02:00,27.2,0.55
2024-08-12 21:15:00+02:00,25.7,0.42
2024-08-12 21:30:00+02:00,24.1,0.3
2024-08-12 21:45:00+02:00,23.0,0.17
2024-08-12 22:00:00+02:00,21.9,0.04
2024-08-12 22:15:00+02:00,21.6,0.04
2024-08-12 22:30:00+02:00,21.0,0.04
2024-08-12 22:45:00+02:00,20.8,0.05
2024-08-12 23:00:00+02:00,20.7,0.05
2024-08-12 23:15:00+02:00,20.7,0.07
2024-08-12 23:30:00+02:00,20.8,0.09
2024-08-12 23:45:00+02:00,20.8,0.11
2024-08-13 00:00:00+02:00,20.8,0.13
2024-08-13 00:15:00+02:00,20.8,0.11
2024-08-13 00:30:00+02:00,21.1,0.08
2024-08-13 00:45:00+02:00,21.3,0.06
2024-08-13 01:00:00+02:00,21.4,0.04
2024-08-13 01:15:00+02:00,21.4,0.04
2024-08-13 01:30:00+02:00,21.2,0.03
2024-08-13 01:45:00+02:00,21.2,0.02
2024-08-13 02:00:00+02:00,21.5,0.02
2024-08-13 02:15:00+02:00,21.6,0.02
2024-08-13 02:30:00+02:00,21.7,0.02
2024-08-13 02:45:00+02:00,21.7,0.02
2024-08-13 03:00:00+02:00,21.2,0.02
2024-08-13 03:15:00+02:00,20.9,0.02
2024-08-13 03:30:00+02:00,20.7,0.02
2024-08-13 03:45:00+02:00,20.7,0.03
2024-08-13 04:00:00+02:00,20.6,0.03
2024-08-13 04:15:00+02:00,20.7,0.03
2024-08-13 04:30:00+02:00,20.7,0.02
2024-08-13 04:45:00+02:00,20.6,0.02
2024-08-13 05:00:00+02:00,20.7,0.02
2024-08-13 05:15:00+02:00,20.6,1.7
2024-08-13 05:30:00+02:00,20.6,3.38
2024-08-13 05:45:00+02:00,20.5,5.06
2024-08-13 06:00:00+02:00,20.4,6.74
2024-08-13 06:15:00+02:00,20.3,23.71
2024-08-13 06:30:00+02:00,20.3,40.68
2024-08-13 06:45:00+02:00,20.3,57.65
2024-08-13 07:00:00+02:00,20.2,74.62
2024-08-13 07:15:00+02:00,20.1,135.09
2024-08-13 07:30:00+02:00,19.9,195.56
2024-08-13 07:45:00+02:00,19.7,256.03
2024-08-13 08:00:00+02:00,19.6,316.5
2024-08-13 08:15:00+02:00,19.5,362.11
2024-08-13 08:30:00+02:00,19.5,407.72
2024-08-13 08:45:00+02:00,19.6,453.33
2024-08-13 09:00:00+02:00,19.8,498.94
2024-08-13 09:15:00+02:00,20.0,537.46
2024-08-13 09:30:00+02:00,20.3,575.98
2024-08-13 09:45:00+02:00,20.7,614.51
2024-08-13 10:00:00+02:00,21.2,653.03
2024-08-13 10:15:00+02:00,21.8,676.06
2024-08-13 10:30:00+02:00,22.2,699.08
2024-08-13 10:45:00+02:00,22.7,722.11
2024-08-13 11:00:00+02:00,23.0,745.14
2024-08-13 11:15:00+02:00,23.3,761.62
2024-08-13 11:30:00+02:00,23.5,778.11
2024-08-13 11:45:00+02:00,23.6,794.6
2024-08-13 12:00:00+02:00,23.7,811.08
2024-08-13 12:15:00+02:00,23.8,809.61
2024-08-13 12:30:00+02:00,24.0,808.14
2024-08-13 12:45:00+02:00,24.1,806.66
2024-08-13 13:00:00+02:00,24.4,805.19
2024-08-13 13:15:00+02:00,24.6,803.76
2024-08-13 13:30:00+02:00,25.0,802.33
2024-08-13 13:45:00+02:00,25.3,800.9
2024-08-13 14:00:00+02:00,25.6,799.47
2024-08-13 14:15:00+02:00,25.9,776.98
2024-08-13 14:30:00+02:00,26.2,754.5
2024-08-13 14:45:00+02:00,26.5,732.01
2024-08-13 15:00:00+02:00,26.8,709.52
2024-08-13 15:15:00+02:00,27.0,681.31
2024-08-13 15:30:00+02:00,27.3,653.1
2024-08-13 15:45:00+02:00,27.5,624.89
2024-08-13 16:00:00+02:00,27.7,596.68
2024-08-13 16:15:00+02:00,27.9,557.85
2024-08-13 16:30:00+02:00,28.1,519.02
2024-08-13 16:45:00+02:00,28.3,480.2
2024-08-13 17:00:00+02:00,28.6,441.37
2024-08-13 17:15:00+02:00,28.7,397.9
2024-08-13 17:30:00+02:00,28.9,354.44
2024-08-13 17:45:00+02:00,29.0,310.97
2024-08-13 18:00:00+02:00,29.1,267.5
2024-08-13 18:15:00+02:00,29.2,227.56
2024-08-13 18:30:00+02:00,29.2,187.61
2024-08-13 18:45:00+02:00,29.3,147.66
2024-08-13 19:00:00+02:00,29.3,107.72
2024-08-13 19:15:00+02:00,29.4,83.52
2024-08-13 19:30:00+02:00,29.6,59.32
2024-08-13 19:45:00+02:00,29.6,35.13
2024-08-13 20:00:00+02:00,29.6,10.93
2024-08-13 20:15:00+02:00,29.5,8.2
2024-08-13 20:30:00+02:00,29.4,5.48
2024-08-13 20:45:00+02:00,29.3,2.75
2024-08-13 21:00:00+02:00,28.9,0.03
2024-08-13 21:15:00+02:00,28.6,0.03
2024-08-13 21:30:00+02:00,28.4,0.02
2024-08-13 21:45:00+02:00,28.1,0.02
2024-08-13 22:00:00+02:00,27.8,0.02
2024-08-13 22:15:00+02:00,27.6,0.02
2024-08-13 22:30:00+02:00,27.3,0.02
2024-08-13 22:45:00+02:00,26.9,0.02
2024-08-13 23:00:00+02:00,26.8,0.02
2024-08-13 23:15:00+02:00,26.5,0.02
2024-08-13 23:30:00+02:00,26.2,0.02
2024-08-13 23:45:00+02:00,26.1,0.02
2024-08-14 00:00:00+02:00,26.1,0.02
2024-08-14 00:15:00+02:00,26.2,0.02
2024-08-14 00:30:00+02:00,26.2,0.02
2024-08-14 00:45:00+02:00,26.2,0.02
2024-08-14 01:00:00+02:00,26.1,0.02
2024-08-14 01:15:00+02:00,26.0,0.02
2024-08-14 01:30:00+02:00,26.1,0.02
2024-08-14 01:45:00+02:00,26.1,0.03
2024-08-14 02:00:00+02:00,25.8,0.03
2024-08-14 02:15:00+02:00,25.5,0.03
2024-08-14 02:30:00+02:00,25.2,0.02
2024-08-14 02:45:00+02:00,24.9,0.02
2024-08-14 03:00:00+02:00,24.6,0.02
2024-08-14 03:15:00+02:00,24.1,0.02
2024-08-14 03:30:00+02:00,23.6,0.02
2024-08-14 03:45:00+02:00,23.4,0.03
2024-08-14 04:00:00+02:00,23.2,0.03
2024-08-14 04:15:00+02:00,23.2,0.03
2024-08-14 04:30:00+02:00,23.3,0.02
2024-08-14 04:45:00+02:00,23.5,0.02
2024-08-14 05:00:00+02:00,23.6,0.02
2024-08-14 05:15:00+02:00,23.6,2.76
2024-08-14 05:30:00+02:00,23.4,5.5
2024-08-14 05:45:00+02:00,23.3,8.25
2024-08-14 06:00:00+02:00,23.2,10.99
2024-08-14 06:15:00+02:00,23.1,33.83
2024-08-14 06:30:00+02:00,23.2,56.68
2024-08-14 06:45:00+02:00,23.1,79.52
2024-08-14 07:00:00+02:00,23.0,102.36
2024-08-14 07:15:00+02:00,22.9,156.71
2024-08-14 07:30:00+02:00,22.7,211.06
2024-08-14 07:45:00+02:00,22.5,265.4
2024-08-14 08:00:00+02:00,22.4,319.75
2024-08-14 08:15:00+02:00,22.2,362.38
2024-08-14 08:30:00+02:00,22.1,405.01
2024-08-14 08:45:00+02:00,22.0,447.64
2024-08-14 09:00:00+02:00,22.2,490.27
2024-08-14 09:15:00+02:00,22.4,524.97
2024-08-14 09:30:00+02:00,22.6,559.66
2024-08-14 09:45:00+02:00,22.9,594.36
2024-08-14 10:00:00+02:00,23.3,629.06
2024-08-14 10:15:00+02:00,23.7,657.97
2024-08-14 10:30:00+02:00,24.1,686.88
2024-08-14 10:45:00+02:00,24.4,715.8
2024-08-14 11:00:00+02:00,24.7,744.71
2024-08-14 11:15:00+02:00,24.9,761.51
2024-08-14 11:30:00+02:00,25.0,778.31
2024-08-14 11:45:00+02:00,25.0,795.11
2024-08-14 12:00:00+02:00,25.0,811.91
2024-08-14 12:15:00+02:00,25.0,809.04
2024-08-14 12:30:00+02:00,25.1,806.18
2024-08-14 12:45:00+02:00,25.3,803.31
2024-08-14 13:00:00+02:00,25.5,800.44
2024-08-14 13:15:00+02:00,25.7,719.08
2024-08-14 13:30:00+02:00,25.9,637.72
2024-08-14 13:45:00+02:00,26.0,556.36
2024-08-14 14:00:00+02:00,26.1,475.0
2024-08-14 14:15:00+02:00,26.0,464.41
2024-08-14 14:30:00+02:00,25.9,453.82
2024-08-14 14:45:00+02:00,25.7,443.22
2024-08-14 15:00:00+02:00,25.4,432.63
2024-08-14 15:15:00+02:00,25.0,450.62
2024-08-14 15:30:00+02:00,24.4,468.62
2024-08-14 15:45:00+02:00,24.0,486.62
2024-08-14 16:00:00+02:00,23.6,504.61
2024-08-14 16:15:00+02:00,23.2,491.19
2024-08-14 16:30:00+02:00,22.9,477.76
2024-08-14 16:45:00+02:00,22.7,464.34
2024-08-14 17:00:00+02:00,22.6,450.92
2024-08-14 17:15:00+02:00,22.6,406.34
2024-08-14 17:30:00+02:00,22.6,361.77
2024-08-14 17:45:00+02:00,23.1,317.2
2024-08-14 18:00:00+02:00,23.7,272.62
2024-08-14 18:15:00+02:00,24.2,230.09
2024-08-14 18:30:00+02:00,24.8,187.56
2024-08-14 18:45:00+02:00,25.3,145.02
2024-08-14 19:00:00+02:00,25.9,102.49
2024-08-14 19:15:00+02:00,26.4,80.04
2024-08-14 19:30:00+02:00,26.8,57.58
2024-08-14 19:45:00+02:00,27.2,35.13
2024-08-14 20:00:00+02:00,27.5,12.68
2024-08-14 20:15:00+02:00,27.4,9.52
2024-08-14 20:30:00+02:00,27.3,6.35
2024-08-14 20:45:00+02:00,26.8,3.18
2024-08-14 21:00:00+02:00,26.6,0.02
2024-08-14 21:15:00+02:00,26.4,0.02
2024-08-14 21:30:00+02:00,26.3,0.02
2024-08-14 21:45:00+02:00,26.3,0.02
2024-08-14 22:00:00+02:00,26.2,0.02
2024-08-14 22:15:00+02:00,25.8,0.02
2024-08-14 22:30:00+02:00,24.8,0.02
2024-08-14 22:45:00+02:00,24.0,0.03
2024-08-14 23:00:00+02:00,23.6,0.03
2024-08-14 23:15:00+02:00,23.4,0.03
2024-08-14 23:30:00+02:00,23.1,0.03
2024-08-14 23:45:00+02:00,23.0,0.03
